person_id,name,given_names,family_names,group,candidate_list,constituency,dim1,dim2,dim3,weight,included
nrsr:person:1008,Ján Ferenčák,Ján,Ferenčák,Klub HLAS - sociálna demokracia,,,-0.5808917224922497,-0.5566495688214648,0.07299987426760846,0.8166891816128533,True
nrsr:person:1009,Jozef Habánik,Jozef,Habánik,Klub SMER - sociálna demokracia,,,-0.8570126328580463,0.01343879733387225,0.004055512712468037,0.9909655441230651,True
nrsr:person:1019,Viliam Zahorčák,Viliam,Zahorčák,Klub SMER - sociálna demokracia,,,-0.8593690226169759,0.014928705706261867,0.001621079358573594,0.9980564172936146,True
nrsr:person:1023,Peter Kmec,Peter,Kmec,Klub HLAS - sociálna demokracia,,,-0.8332319813834669,0.6147799044513356,0.04309516533928306,0.2639908587538645,True
nrsr:person:1025,Mária Kolíková,Mária,Kolíková,Klub Sloboda a Solidarita,,,1.0825897119738939,0.06932279974062705,-0.0967525039016024,0.8883027290250582,True
nrsr:person:1032,Juraj Krúpa,Juraj,Krúpa,Klub Sloboda a Solidarita,,,1.0750165077377543,0.06645504123201983,-0.050368530554149187,0.886935813715073,True
nrsr:person:1034,Filip Kuffa,Filip,Kuffa,,,,-0.0,-0.0,-0.0,0.0,False
nrsr:person:1037,Vladimír Ledecký,Vladimír,Ledecký,Klub Sloboda a Solidarita,,,1.0774832963068568,0.054436550704755435,-0.07297713816756904,0.9009306771036347,True
nrsr:person:1042,Vladimíra Marcinková,Vladimíra,Marcinková,Klub Sloboda a Solidarita,,,1.0776685157568675,0.053423007825030296,-0.07192286456335988,0.7799319746052765,True
nrsr:person:1046,Roman Mikulec,Roman,Mikulec,Klub SLOVENSKO - ZA ĽUDÍ,,,1.1006518942007975,0.031299338518765776,-0.2134236816655758,0.7985989118072649,True
nrsr:person:1054,Jozef Pročko,Jozef,Pročko,Klub SLOVENSKO - ZA ĽUDÍ,,,1.1012765729694984,0.024565800520242584,-0.2132071374484992,0.8210996192927282,True
nrsr:person:1058,Anton Stredák,Anton,Stredák,Klub SMER - sociálna demokracia,,,-0.8569206147358723,0.014802097574165427,0.0021494698859381317,0.9985743500477887,True
nrsr:person:1065,Michal Šipoš,Michal,Šipoš,Klub SLOVENSKO - ZA ĽUDÍ,,,1.1093656769818523,0.028836861538194022,-0.24501651240643776,0.8850082495474764,True
nrsr:person:1069,Matúš Eštok,Matúš,Eštok,,,,-0.0,-0.0,-0.0,0.0,False
nrsr:person:1071,Richard Takáč,Richard,Takáč,,,,-0.0,-0.0,-0.0,0.0,False
nrsr:person:1072,Tomáš Taraba,Tomáš,Taraba,Nezávislí,,,-0.0,-0.0,-0.0,0.0,False
nrsr:person:1075,Tomáš Valášek,Tomáš,Valášek,Klub Progresívne Slovensko,,,1.0809641550616833,0.011675466855681903,0.23435388679127636,0.7799052770406284,True
nrsr:person:1081,Ľubica Laššáková,Ľubica,Laššáková,Klub HLAS - sociálna demokracia,,,-0.8568844768742705,0.016204795585035788,0.0029825878150797507,0.9858769883011272,True
nrsr:person:1087,Zdenko Svoboda,Zdenko,Svoboda,Klub HLAS - sociálna demokracia,,,-0.8542364254866679,0.010505491819893588,0.004634899613810162,0.9958992540700439,True
nrsr:person:1088,Peter Pollák,Peter,Pollák,Klub SLOVENSKO - ZA ĽUDÍ,,,1.0979168200456628,0.0252306891884046,-0.22190285558819747,0.879129445811953,True
nrsr:person:1114,Michal Šimečka,Michal,Šimečka,Klub Progresívne Slovensko,,,1.078753014062371,0.03749838940871133,0.2572353791649588,0.8197113459310241,True
nrsr:person:1115,Michal Truban,Michal,Truban,Klub Progresívne Slovensko,,,1.0750375295662287,0.04556113778645267,0.25123466149700135,0.8405354463565834,True
nrsr:person:1116,Lucia Plaváková,Lucia,Plaváková,Klub Progresívne Slovensko,,,1.08427057835963,0.04729972844111647,0.2859969519437423,0.7687296764789117,True
nrsr:person:1117,Jaroslav Spišiak,Jaroslav,Spišiak,Klub Progresívne Slovensko,,,1.0861440920786212,0.02684224833633328,0.2603180390896715,0.8785367598767642,True
nrsr:person:1118,Tamara Stohlová,Tamara,Stohlová,Klub Progresívne Slovensko,,,1.0888285437316443,0.03180737804067568,0.2560926345566866,0.9205213500424493,True
nrsr:person:1119,Irena Bihariová,Irena,Bihariová,Klub Progresívne Slovensko,,,1.0901620749302297,0.02144695623757721,0.2525965889846778,0.8785741364672716,True
nrsr:person:1120,Michal Sabo,Michal,Sabo,Klub Progresívne Slovensko,,,1.0877032177005574,0.035349056424186856,0.2566283463024657,0.9371272352536002,True
nrsr:person:1121,Zora Jaurová,Zora,Jaurová,Klub Progresívne Slovensko,,,1.0767891221821044,0.049202014531513016,0.2750333615211579,0.6864904983367417,True
nrsr:person:1123,Oskar Dvořák,Oskar,Dvořák,Klub Progresívne Slovensko,,,1.0855138419147692,0.03530638791872621,0.27075663019439106,0.896910023867623,True
nrsr:person:1124,Ingrid Kosová,Ingrid,Kosová,Klub Progresívne Slovensko,,,1.0874351410781187,0.023357004921292873,0.2539317293329494,0.914017823294159,True
nrsr:person:1125,Štefan Kišš,Štefan,Kišš,Klub Progresívne Slovensko,,,1.0780393209222667,0.027943371786605962,0.26326718727718607,0.7459726723728262,True
nrsr:person:1126,Tina Gažovičová,Tina,Gažovičová,Klub Progresívne Slovensko,,,1.0920381602870821,0.03887400320526599,0.2618278194812878,0.9599910296182782,True
nrsr:person:1127,Ivan Štefunko,Ivan,Štefunko,Klub Progresívne Slovensko,,,1.081254897196749,0.046356089084071,0.25586688206712027,0.8444653278727916,True
nrsr:person:1128,Beáta Jurík,Beáta,Jurík,Klub Progresívne Slovensko,,,1.092556725597263,0.041093313994953126,0.2585359559909579,0.9128217723979217,True
nrsr:person:1129,Jana Hanuliaková,Jana,Hanuliaková,Klub Progresívne Slovensko,,,1.0828599686509708,0.036580756777335285,0.2774129076738621,0.8104900071015522,True
nrsr:person:1130,Zuzana Mesterová,Zuzana,Mesterová,Klub Progresívne Slovensko,,,1.0908729342499761,0.036322057549382114,0.2587407452033629,0.9619292728117341,True
nrsr:person:1131,Ondrej Prostredník,Ondrej,Prostredník,Klub Progresívne Slovensko,,,1.094342849706327,0.03811003431461387,0.25953877681236376,0.9637553862336677,True
nrsr:person:1132,Zuzana Števulová,Zuzana,Števulová,Klub Progresívne Slovensko,,,1.0897089978716854,0.041235379642107134,0.2661015887760111,0.845453137764773,True
nrsr:person:1133,Martin Dubéci,Martin,Dubéci,Klub Progresívne Slovensko,,,1.0860940687721043,0.04372379192057445,0.2624145225477857,0.9046523176155872,True
nrsr:person:1134,Darina Luščíková,Darina,Luščíková,Klub Progresívne Slovensko,,,1.0892887972489316,0.0463843658733849,0.2618690582228943,0.8738753650891965,True
nrsr:person:1135,Branislav Vančo,Branislav,Vančo,Klub Progresívne Slovensko,,,1.0894899790940542,0.040640792383883975,0.23473953999829744,0.9091268294506175,True
nrsr:person:1136,Tomáš Hellebrandt,Tomáš,Hellebrandt,Klub Progresívne Slovensko,,,1.0399840958205624,0.942453483902596,0.14309331051522134,0.01890721528382181,False
nrsr:person:1137,Viera Kalmárová,Viera,Kalmárová,Klub Progresívne Slovensko,,,1.0235833728395347,0.5506166600011206,0.393610030578022,0.5485014656962991,True
nrsr:person:1138,Martin Pekár,Martin,Pekár,Klub Progresívne Slovensko,,,0.8708681683275823,0.7899901673551215,-0.19744554694835154,0.001826113421933651,False
nrsr:person:1139,Dana Kleinert,Dana,Kleinert,Klub Progresívne Slovensko,,,1.0847835069607805,0.02768795335732995,0.28637205184897047,0.8193856356423168,True
nrsr:person:1140,Dávid Dej,Dávid,Dej,Klub Progresívne Slovensko,,,1.092333527268823,0.036350072399265104,0.25984785334185245,0.9740713252137139,True
nrsr:person:1141,Veronika Veslárová,Veronika,Veslárová,Klub Progresívne Slovensko,,,1.0946238659150007,0.03089966818465064,0.25631185911438786,0.9058697265635429,True
nrsr:person:1142,Ján Hargaš,Ján,Hargaš,Klub Progresívne Slovensko,,,1.093713535102462,0.04558579945667634,0.24730339386632155,0.8817244490957536,True
nrsr:person:1143,Veronika Šrobová,Veronika,Šrobová,Klub Progresívne Slovensko,,,1.0891728446336164,0.03394601441579161,0.2601198081266838,0.9243551203259238,True
nrsr:person:1144,Lukáš Bužo,Lukáš,Bužo,Klub SLOVENSKO - ZA ĽUDÍ,,,1.1066287398169645,0.02584086129654972,-0.22081106983907683,0.9186952366205154,True
nrsr:person:1145,Viliam Tankó,Viliam,Tankó,Klub SLOVENSKO - ZA ĽUDÍ,,,1.0934486440537619,0.0255561336375224,-0.002505182332801101,0.8757708921792154,True
nrsr:person:1146,Anežka Škopová,Anežka,Škopová,Klub SLOVENSKO - ZA ĽUDÍ,,,1.1053809583849126,0.022948842681403216,-0.22645258741776178,0.9293208673504803,True
nrsr:person:1147,Tomáš Szalay,Tomáš,Szalay,Klub Sloboda a Solidarita,,,1.072399197573791,0.03570828723637702,-0.08008070984127622,0.9173977349786153,True
nrsr:person:1148,Rudolf Huliak,Rudolf,Huliak,Klub Slovenská národná strana,,,-0.7554351954747142,-0.5005712998341593,0.021496932572703808,0.32879652718079055,True
nrsr:person:1149,Roman Michelko,Roman,Michelko,Klub Slovenská národná strana,,,-0.840283521434867,0.014110332674998111,-0.0005560932376001307,0.9938061650016288,True
nrsr:person:1150,Ivan Ševčík,Ivan,Ševčík,Klub Slovenská národná strana,,,-0.8563090283550994,0.0165524123776682,-0.0008473116265221105,0.9317076296300253,True
nrsr:person:1151,Peter Kotlár,Peter,Kotlár,Klub Slovenská národná strana,,,-0.8452096337694799,0.014979575985412026,0.004071152075075897,0.9846862769178196,True
nrsr:person:1152,Pavel Ľupták,Pavel,Ľupták,Klub Slovenská národná strana,,,-0.8517321688656502,0.01330791062324161,-0.0011867849805288332,0.9135586251822109,True
nrsr:person:1153,Erik Kaliňák,Erik,Kaliňák,Klub SMER - sociálna demokracia,,,-0.7240114017955267,-0.5837309675607125,0.008816854341276714,0.2252900690399022,True
nrsr:person:1154,Tibor Gašpar,Tibor,Gašpar,Klub SMER - sociálna demokracia,,,-0.8587190121040973,0.01502749705858003,0.0005709415348424226,0.9937314118206138,True
nrsr:person:1155,Juraj Gedra,Juraj,Gedra,,,,-0.0,-0.0,-0.0,0.0,False
nrsr:person:1156,Ján Mažgút,Ján,Mažgút,Klub SMER - sociálna demokracia,,,-0.8576230543715269,0.01237964780294425,0.00017745523351871527,0.9965399956215995,True
nrsr:person:1157,Igor Melicher,Igor,Melicher,,,,-0.0,-0.0,-0.0,0.0,False
nrsr:person:1158,Daniel Karas,Daniel,Karas,Klub SMER - sociálna demokracia,,,-0.8595648392321814,0.014752913241970748,0.0013994165329792511,0.9976506143109625,True
nrsr:person:1159,Zuzana Matejičková,Zuzana,Matejičková,Klub SMER - sociálna demokracia,,,-0.8549977596852969,0.012934186709831765,0.0005696539246229689,0.9992204311122739,True
nrsr:person:1160,Marcela Čavojová,Marcela,Čavojová,Klub SMER - sociálna demokracia,,,-0.854611337861676,0.012092557308567805,0.00040242080671378227,0.9816053779574228,True
nrsr:person:1161,Michal Stuška,Michal,Stuška,Klub SMER - sociálna demokracia,,,-0.859573017480851,0.014935356066853159,0.002122342204212854,0.9947619378160325,True
nrsr:person:1162,Jozef Smatana,Jozef,Smatana,,,,-0.0,-0.0,-0.0,0.0,False
nrsr:person:1163,Justín Sedlák,Justín,Sedlák,Klub SMER - sociálna demokracia,,,-0.857508515761611,0.013665526938356692,0.0016604608415076796,0.9966467858801922,True
nrsr:person:1164,Tomáš Drucker,Tomáš,Drucker,,,,-0.0,-0.0,-0.0,0.0,False
nrsr:person:1165,Michal Kaliňák,Michal,Kaliňák,,,,-0.0,-0.0,-0.0,0.0,False
nrsr:person:1166,Dr. Kurilovská,Dr.,Kurilovská,,,,-0.0,-0.0,-0.0,0.0,False
nrsr:person:1168,Zuzana Dolinková,Zuzana,Dolinková,,,,-0.0,-0.0,-0.0,0.0,False
nrsr:person:1169,Karol Janas,Karol,Janas,Klub HLAS - sociálna demokracia,,,-0.8567448597480443,0.013664510569373544,0.0008449873877641554,0.9981578680392775,True
nrsr:person:1170,Peter Kalivoda,Peter,Kalivoda,Klub HLAS - sociálna demokracia,,,-0.8554304557738907,0.015542855602623902,0.00423790578486211,0.9765114826225553,True
nrsr:person:1171,Kamil Šaško,Kamil,Šaško,,,,-0.0,-0.0,-0.0,0.0,False
nrsr:person:1172,Richard Eliáš,Richard,Eliáš,Klub HLAS - sociálna demokracia,,,-0.8555118492548911,0.016043437031255322,0.005170719357226969,0.9945697153505657,True
nrsr:person:1173,Roman Malatinec,Roman,Malatinec,Klub HLAS - sociálna demokracia,,,-0.8453041230374425,-0.004170329124336185,0.003285152045466287,0.9927008858251951,True
nrsr:person:1174,Michal Moško,Michal,Moško,Klub HLAS - sociálna demokracia,,,-0.6941392558036095,-0.6012762620953446,0.18727552931251837,0.12412231756219198,True
nrsr:person:1175,Radomír Šalitroš,Radomír,Šalitroš,Klub HLAS - sociálna demokracia,,,-0.7358380793355508,-0.5035342228937287,0.041249200934875205,0.39342599168103887,True
nrsr:person:1176,Erik Vlček,Erik,Vlček,Klub HLAS - sociálna demokracia,,,-0.8555224887073082,0.01854485829855889,0.005112357286283553,0.9852362467495717,True
nrsr:person:1177,Igor Šimko,Igor,Šimko,Klub HLAS - sociálna demokracia,,,-0.8576680829608134,0.014747207626493555,0.004633610316201944,0.9744450911187881,True
nrsr:person:1178,Milan Majerský,Milan,Majerský,Klub KDH,,,0.9829381779875742,-0.11371781384128819,-0.4038812137106165,0.8529871905084818,True
nrsr:person:1179,Marián Čaučík,Marián,Čaučík,Klub KDH,,,0.9964369517174119,-0.11086936045664882,-0.38750285594680833,0.9253002141144685,True
nrsr:person:1180,Martina Holečková,Martina,Holečková,Klub KDH,,,1.0577084964269008,-0.049921613304067324,-0.21792651823049586,0.7454440605927928,True
nrsr:person:1181,Jozef Hajko,Jozef,Hajko,Klub KDH,,,0.956728139165615,-0.0037075694765892914,-0.46810512807928856,0.6982053897043512,True
nrsr:person:1182,Peter Stachura,Peter,Stachura,Klub KDH,,,0.975637028080977,-0.12327514031213024,-0.40565809301743616,0.7904294570249303,True
nrsr:person:1183,Ján Horecký,Ján,Horecký,Klub KDH,,,0.999638552377224,-0.0915873543462624,-0.39842542136723424,0.8538682101418709,True
nrsr:person:1184,František Majerský,František,Majerský,Klub KDH,,,0.9729698753586025,-0.10741204750802513,-0.4055529110491451,0.7647837764239146,True
nrsr:person:1185,Martin Šmilňák,Martin,Šmilňák,Klub KDH,,,0.9349265032631563,0.11809660799858349,-0.5179845062637402,0.6409818296375005,True
nrsr:person:1186,Andrea Turčanová,Andrea,Turčanová,Klub KDH,,,0.9842906241988739,-0.10301113407995482,-0.42394478070046954,0.7917322981797601,True
nrsr:person:1187,Branislav Becík,Branislav,Becík,Klub HLAS - sociálna demokracia,,,-0.8579450561297399,0.014730760157313024,0.001250327854936336,0.9976239167463146,True
nrsr:person:1188,Július Jakab,Július,Jakab,Klub SLOVENSKO - ZA ĽUDÍ,,,1.1138645399622336,0.04577228506645563,-0.21891986544841985,0.876892189894438,True
nrsr:person:1189,Marek Lackovič,Marek,Lackovič,Klub Progresívne Slovensko,,,1.0897000234335765,0.03932281116637898,0.26382056409679516,0.9485057373066429,True
nrsr:person:1190,Rastislav Krátky,Rastislav,Krátky,Klub SLOVENSKO - ZA ĽUDÍ,,,1.0806905649818697,0.011502245517346864,-0.1624662203823328,0.7635770465018181,True
nrsr:person:1191,Andrej Sitkár,Andrej,Sitkár,Klub SMER - sociálna demokracia,,,-0.8583270919886083,0.014734452465605128,0.0014076622195752621,0.9985262944314218,True
nrsr:person:1192,Ivan Hazucha,Ivan,Hazucha,Klub SMER - sociálna demokracia,,,-0.8583918191302734,0.014614128478488614,0.0024254384100270503,0.9873239963050571,True
nrsr:person:1193,Igor Válek,Igor,Válek,Klub SMER - sociálna demokracia,,,-0.8592070992769232,0.016256457102130993,0.0021878133028665654,0.9988787022847775,True
nrsr:person:1194,Zuzana Plevíková,Zuzana,Plevíková,Klub SMER - sociálna demokracia,,,-0.858531200993081,0.014816488922870803,0.0009114917387407805,0.9990015110821591,True
nrsr:person:1195,Jozef Cech,Jozef,Cech,Klub HLAS - sociálna demokracia,,,-0.8567773637600214,0.01470456454236644,0.004620149168707784,0.9951997778762621,True
nrsr:person:1196,Alena Nováková,Alena,Nováková,Klub HLAS - sociálna demokracia,,,-0.8574768339052897,0.014649362331966785,0.0032716002629104633,0.9975278055135811,True
nrsr:person:1197,Peter Slyško,Peter,Slyško,Klub HLAS - sociálna demokracia,,,-0.8342100168141148,-0.053615543838766794,-0.013396795891617342,0.7320205250877015,True
nrsr:person:1198,Milan Garaj,Milan,Garaj,Klub Slovenská národná strana,,,-0.8509969093643747,0.012597687258637203,0.0010958612808032835,0.9777822866998073,True
nrsr:person:1199,Adam Lučanský,Adam,Lučanský,Klub Slovenská národná strana,,,-0.8488024514532329,0.012391068199389982,-0.0018984630263755079,0.9965346561086696,True
nrsr:person:1200,Boleslav Lešo,Boleslav,Lešo,Klub SMER - sociálna demokracia,,,-0.8589971500061273,0.014539767119214592,0.0005900014342521952,0.9987185168968887,True
nrsr:person:1201,Samuel Migaľ,Samuel,Migaľ,Klub HLAS - sociálna demokracia,,,-0.742173028165499,-0.5072025022906375,0.03683107342593491,0.39565790808562445,True
nrsr:person:1202,Ján Hrubý,Ján,Hrubý,Klub HLAS - sociálna demokracia,,,-0.8408133929025505,0.49898568867700904,-0.04423122482088978,0.6000437840060231,True
nrsr:person:1203,Miroslav Čellár,Miroslav,Čellár,Klub HLAS - sociálna demokracia,,,-0.8528204881522756,0.013210765240509726,0.007859729936553619,0.9926635092346877,True
nrsr:person:1204,Jaroslav Mego,Jaroslav,Mego,Klub SMER - sociálna demokracia,,,-0.8584813269437935,0.013184543994291078,0.001557343425445647,0.9892675790114427,True
nrsr:person:1205,Michal Kapuš,Michal,Kapuš,Klub SMER - sociálna demokracia,,,-0.8590033922201449,0.015260495613935509,0.0032098100298674132,0.9927275833898432,True
nrsr:person:1206,Peter Sokol,Peter,Sokol,Klub SMER - sociálna demokracia,,,-0.8664353843970414,0.00758638920957337,-0.017566047687396367,0.9170399876123301,True
nrsr:person:1207,Michal Bartek,Michal,Bartek,Klub HLAS - sociálna demokracia,,,-0.8570908336248513,0.01375843845700408,0.001310251485405191,0.9902874259810021,True
nrsr:person:1208,Paula Puškárová,Paula,Puškárová,Klub HLAS - sociálna demokracia,,,-0.8550896160092781,0.011877625258904168,0.005530564021995281,0.987297298740409,True
nrsr:person:1210,Dagmar Kramplová,Dagmar,Kramplová,Klub Slovenská národná strana,,,-0.8511835660657937,0.010220338720369046,0.0006437405032381853,0.9976399352851033,True
nrsr:person:1211,Zdenka Mačicová,Zdenka,Mačicová,Klub HLAS - sociálna demokracia,,,-0.8575328781741435,0.01927617377993522,0.005282902566757545,0.9850814008746123,True
nrsr:person:1212,Natália Nash,Natália,Nash,Klub Progresívne Slovensko,,,1.0859534837581442,-0.03736337670982475,0.2903853529994932,0.9455850237341349,True
nrsr:person:1213,Richard Dubovický,Richard,Dubovický,Klub Progresívne Slovensko,,,1.0681268541167779,-0.23466417304145937,0.2663242637061305,0.8023472498838656,True
nrsr:person:1214,Richard Glück,Richard,Glück,Klub SMER - sociálna demokracia,,,-0.8424414611444943,0.2080325533771464,-0.013278413744651548,0.9523181495383991,True
nrsr:person:1216,Dávid Demečko,Dávid,Demečko,Klub HLAS - sociálna demokracia,,,-0.8470515508335085,0.2642348608104562,-0.0696266126072022,0.8676014373968807,True
nrsr:person:1217,Andrea Szabóová,Andrea,Szabóová,Klub HLAS - sociálna demokracia,,,-0.8467435801476254,0.266304283588577,-0.06829723388740894,0.8723429248783925,True
nrsr:person:1218,Jozef Kačmár,Jozef,Kačmár,Klub SMER - sociálna demokracia,,,-0.8478551014240495,0.3276491052734043,-0.05828285341616852,0.7663482537122964,True
nrsr:person:1219,Ján Horváth,Ján,Horváth,Klub SMER - sociálna demokracia,,,-0.8475539970281424,0.3289486648305383,-0.060593850065320254,0.7735832937319458,True
nrsr:person:1220,Miroslav Radačovský,Miroslav,Radačovský,,,,-0.7747724934505308,0.40230453594997256,-0.014182905765498575,0.5420940501807425,True
nrsr:person:1221,Igor Dušenka,Igor,Dušenka,Klub SLOVENSKO - ZA ĽUDÍ,,,1.0567444466381686,-0.7597508308595634,-0.11901372540540413,0.4242456603108665,True
nrsr:person:1222,Gréta Gregorová,Gréta,Gregorová,Klub Progresívne Slovensko,,,1.0433556220014368,-0.738465893875833,0.07561731906262611,0.3641921583913116,True
nrsr:person:1223,Vladimír Macášek,Vladimír,Macášek,Klub SMER - sociálna demokracia,,,-0.8393354769572975,0.648065011959795,0.0029263230115811824,0.30151161611037847,True
nrsr:person:1224,Monika Kolejáková,Monika,Kolejáková,Klub KDH,,,0.9844791910417299,-0.8078017750570986,-0.02965925503071484,0.22774624498753226,True
nrsr:person:1225,Gabriel Paľa,Gabriel,Paľa,Klub KDH,,,0.9740814467874073,-0.8206505095354526,0.07452273119510579,0.14098449939396526,True
nrsr:person:1227,Milan Kováč,Milan,Kováč,Klub Slovenská národná strana,,,-0.7651988647703294,0.5595684453833589,-0.22101004791267742,0.03828430770545111,False
nrsr:person:147,Anna Záborská,Anna,Záborská,Klub SLOVENSKO - ZA ĽUDÍ,,,0.9969825299482288,0.5094120299848832,-0.32296517441470146,0.36350336122338917,True
nrsr:person:233,Jaroslav Baška,Jaroslav,Baška,Klub SMER - sociálna demokracia,,,-0.8562015321171819,0.01751389459156072,0.005383409602397205,0.9581061815541186,True
nrsr:person:238,Juraj Blanár,Juraj,Blanár,,,,-0.0,-0.0,-0.0,0.0,False
nrsr:person:271,Robert Kaliňák,Robert,Kaliňák,,,,-0.0,-0.0,-0.0,0.0,False
nrsr:person:293,Ľubomír Vážny,Ľubomír,Vážny,Klub SMER - sociálna demokracia,,,-0.8498339055687523,0.018979672457016247,0.002658592922584056,0.9817335262677339,True
nrsr:person:322,Dušan Muňko,Dušan,Muňko,Klub SMER - sociálna demokracia,,,-0.8522058149377728,0.006191656524364958,0.0069711772129296135,0.9620787791737638,True
nrsr:person:36,Vladimír Faič,Vladimír,Faič,Klub SMER - sociálna demokracia,,,-0.8539210179247054,0.013062753019922138,0.007228150323118556,0.9727791630847434,True
nrsr:person:40,Robert Fico,Robert,Fico,,,,-0.0,-0.0,-0.0,0.0,False
nrsr:person:61,Dušan Jarjabek,Dušan,Jarjabek,Klub SMER - sociálna demokracia,,,-0.8567118813823861,0.008560742739340172,0.0018278407100909978,0.9768051558336848,True
nrsr:person:656,Dušan Galis,Dušan,Galis,Klub SMER - sociálna demokracia,,,-0.8559721531519924,0.02168499203881591,0.0034977683721590753,0.9945590363247065,True
nrsr:person:668,Stanislav Kubánek,Stanislav,Kubánek,Klub SMER - sociálna demokracia,,,-0.8542145182910663,0.013737301622628156,0.002026683669739462,0.9963370941302735,True
nrsr:person:671,Ján Kvorka,Ján,Kvorka,Klub SMER - sociálna demokracia,,,-0.8584633807558508,0.015301922549299872,0.0022369426116899283,0.9947565983031028,True
nrsr:person:682,Peter Pellegrini,Peter,Pellegrini,Klub HLAS - sociálna demokracia,,,-0.694761506861397,-0.6020708206970876,0.18159466552936065,0.1224670685540065,True
nrsr:person:685,Ján Podmanický,Ján,Podmanický,Klub SMER - sociálna demokracia,,,-0.8559574448836854,0.012974418290934816,-0.003707541048916121,0.9894598014769093,True
nrsr:person:689,Ján Richter,Ján,Richter,Klub SMER - sociálna demokracia,,,-0.8558487610205168,0.010372889929600131,-0.0009285344771642186,0.9858022351201123,True
nrsr:person:691,Peter Žiga,Peter,Žiga,Klub HLAS - sociálna demokracia,,,-0.8565840796082851,0.016127644207205166,0.008262450982116346,0.9665532910087944,True
nrsr:person:705,Jozef Valocký,Jozef,Valocký,Klub SMER - sociálna demokracia,,,-0.8584194054321408,0.01535512315310787,0.0022854913910937556,0.9959366306605512,True
nrsr:person:732,Jana Vaľová,Jana,Vaľová,Klub SMER - sociálna demokracia,,,-0.8131051934533461,-0.2709038323102238,0.024173450866791204,0.6240662526764309,True
nrsr:person:733,Michal Lukša,Michal,Lukša,Klub SMER - sociálna demokracia,,,-0.8592803083402506,0.01788346206239636,-5.3856111839569467e-05,0.9966841624706996,True
nrsr:person:738,Pavol Goga,Pavol,Goga,Klub SMER - sociálna demokracia,,,-0.8597146203946627,0.01589094995284859,0.008193506662419633,0.9928717502389431,True
nrsr:person:761,Richard Raši,Richard,Raši,Klub HLAS - sociálna demokracia,,,-0.8371007497811573,0.4971475463879175,-0.044061650010757805,0.6001505742646156,True
nrsr:person:762,Marián Saloň,Marián,Saloň,Klub SMER - sociálna demokracia,,,-0.8600248776639415,0.014649258376458474,0.0009551985332989597,0.9882690900936018,True
nrsr:person:767,Richard Sulík,Richard,Sulík,Klub Sloboda a Solidarita,,,0.9712107514288618,0.7525229960529392,0.17761682621465516,0.14172669169118393,True
nrsr:person:769,Peter Šuca,Peter,Šuca,Klub SMER - sociálna demokracia,,,-0.8583218391561681,0.013553914026675253,0.001161776255845212,0.9983554300176738,True
nrsr:person:779,Ondrej Dostál,Ondrej,Dostál,Klub Sloboda a Solidarita,,,1.0859236504219572,0.054870331941334644,-0.11621673192290696,0.9517414821419992,True
nrsr:person:785,Ľubomír Galko,Ľubomír,Galko,Klub SLOVENSKO - ZA ĽUDÍ,,,1.116168953172607,0.03318495914570183,-0.1764753679009672,0.9039368228830166,True
nrsr:person:790,Igor Choma,Igor,Choma,,,,-0.0,-0.0,-0.0,0.0,False
nrsr:person:808,Igor Matovič,Igor,Matovič,Klub SLOVENSKO - ZA ĽUDÍ,,,1.0978106590277852,0.05206704912832095,-0.23857903502057004,0.7180470197508584,True
nrsr:person:858,Štefan Kuffa,Štefan,Kuffa,,,,-0.0,-0.0,-0.0,0.0,False
nrsr:person:859,Alojz Hlina,Alojz,Hlina,Klub Sloboda a Solidarita,,,1.0720067573431897,0.05005518329786507,-0.08102049190398909,0.7936224857568493,True
nrsr:person:861,Richard Vašečka,Richard,Vašečka,Klub SLOVENSKO - ZA ĽUDÍ,,,1.0886739280824693,0.011930434983683956,-0.2943119244731339,0.8648409092122616,True
nrsr:person:862,Branislav Škripek,Branislav,Škripek,Klub KDH,,,0.9734376007186831,-0.1576470437918032,-0.34607548167940555,0.7678006012291559,True
nrsr:person:871,Vladimír Baláž,Vladimír,Baláž,Klub SMER - sociálna demokracia,,,-0.8556166591570414,0.018517381201355404,0.006009518187975842,0.9893530112183165,True
nrsr:person:873,Marián Kéry,Marián,Kéry,Klub SMER - sociálna demokracia,,,-0.8576100968245095,0.013092213689563117,-0.0015707920185668142,0.994334776781662,True
nrsr:person:874,Augustín Hambálek,Augustín,Hambálek,Klub SMER - sociálna demokracia,,,-0.8591845191320051,0.016033446293883646,0.0021349556815438565,0.9975918796687366,True
nrsr:person:877,Boris Susko,Boris,Susko,,,,-0.0,-0.0,-0.0,0.0,False
nrsr:person:879,Róbert Puci,Róbert,Puci,Klub HLAS - sociálna demokracia,,,-0.8579878372194282,0.014597800858100638,0.004076328573902363,0.9950609505400917,True
nrsr:person:880,Ladislav Kamenický,Ladislav,Kamenický,,,,-0.0,-0.0,-0.0,0.0,False
nrsr:person:885,Ľuboš Blaha,Ľuboš,Blaha,Klub SMER - sociálna demokracia,,,-0.7243101821133562,-0.5832719536308226,0.01542282950031621,0.22352269026019447,True
nrsr:person:891,Jozef Ježík,Jozef,Ježík,Klub SMER - sociálna demokracia,,,-0.8579615322217785,0.01323233793727005,0.0013666670867926423,0.9970525888628441,True
nrsr:person:892,Štefan Gašparovič,Štefan,Gašparovič,Klub HLAS - sociálna demokracia,,,-0.8576668701469863,0.014722108403985768,0.003540940760541464,0.9997490428923074,True
nrsr:person:899,Peter Náhlik,Peter,Náhlik,Klub HLAS - sociálna demokracia,,,-0.8567576526437787,0.014935131776102959,0.003193122276597469,0.9919960701184838,True
nrsr:person:900,František Petro,František,Petro,Klub SMER - sociálna demokracia,,,-0.8592403159325613,0.015212386989020475,0.0012785457859240078,0.9996529316595739,True
nrsr:person:905,Veronika Remišová,Veronika,Remišová,Klub SLOVENSKO - ZA ĽUDÍ,,,1.1050462287124148,0.025947430536479243,-0.23489946182786442,0.7020925551171222,True
nrsr:person:907,Marek Krajčí,Marek,Krajčí,Klub SLOVENSKO - ZA ĽUDÍ,,,1.069790167568929,0.007487972935753899,-0.27336455186351083,0.779809165807895,True
nrsr:person:910,Gábor Grendel,Gábor,Grendel,Klub SLOVENSKO - ZA ĽUDÍ,,,1.1057190264641217,0.0367387683607134,-0.23073177766254144,0.8937650507520705,True
nrsr:person:918,Martina Šimkovičová,Martina,Šimkovičová,,,,-0.0,-0.0,-0.0,0.0,False
nrsr:person:92,František Mikloško,František,Mikloško,Klub KDH,,,1.0040937427019696,-0.10127884911343923,-0.33110968355325915,0.7535707992716906,True
nrsr:person:929,Andrej Danko,Andrej,Danko,Klub Slovenská národná strana,,,-0.8488868383967207,0.01558617191953326,0.0005277521075618472,0.9891661282657797,True
nrsr:person:930,Dušan Tittel,Dušan,Tittel,Klub HLAS - sociálna demokracia,,,-0.8565639129077777,0.01472661774281737,0.0027485600204709064,0.9975171264877218,True
nrsr:person:931,Karol Farkašovský,Karol,Farkašovský,Klub Slovenská národná strana,,,-0.8500421151214262,0.010943787339482964,0.0013536093265851409,0.9963637916949216,True
nrsr:person:940,Erik Tomáš,Erik,Tomáš,,,,-0.0,-0.0,-0.0,0.0,False
nrsr:person:941,Denisa Saková,Denisa,Saková,,,,-0.0,-0.0,-0.0,0.0,False
nrsr:person:961,Igor Janckulík,Igor,Janckulík,Klub KDH,,,0.9853416667566379,-0.13752846255987608,-0.39500953120048166,0.952248735870314,True
nrsr:person:962,Simona Petrík,Simona,Petrík,Klub Progresívne Slovensko,,,1.0781736065542442,0.012381402407958689,0.2484801210452689,0.7878664908187075,True
nrsr:person:966,Karol Galek,Karol,Galek,Klub Sloboda a Solidarita,,,1.0375871995133927,-0.47853419695618066,-0.02708528434058591,0.7165679746693506,True
nrsr:person:971,Branislav Gröhling,Branislav,Gröhling,Klub Sloboda a Solidarita,,,1.0697331355724709,0.0526718644787399,-0.00895371666723719,0.8415766513778613,True
nrsr:person:974,Martin Nemky,Martin,Nemky,Klub SMER - sociálna demokracia,,,-0.7514799060114733,-0.6819663028937787,0.06563294507692448,0.04150403400201834,False
nrsr:person:976,Jana Cigániková,Jana,Cigániková,Klub Sloboda a Solidarita,,,1.01751713334077,0.11825175521285743,-0.08144320484493292,0.6984510072991141,True
nrsr:person:991,Marián Viskupič,Marián,Viskupič,Klub Sloboda a Solidarita,,,1.0629026562933352,0.025357078681475055,-0.04306063468603979,0.931969265763577,True
nrsr:person:997,Ján Blcháč,Ján,Blcháč,Klub HLAS - sociálna demokracia,,,-0.8589285937989731,0.015379468716624298,0.012597658210431968,0.9637714047724568,True
