id,name,photo,candidate_list,group,constituency,govity,govity_percent,govity_total,govity_possible
nrsr:person:1180,Martina Holečková,https://www.nrsr.sk/web/dynamic/PoslanecPhoto.aspx?PoslanecID=1180&ImageWidth=140,,Klub Sloboda a Solidarita,,0.530019,53.0,1642,3098
nrsr:person:871,Vladimír Baláž,https://www.nrsr.sk/web/dynamic/PoslanecPhoto.aspx?PoslanecID=871&ImageWidth=140,,Klub SMER - sociálna demokracia,,0.997978,99.8,4443,4452
nrsr:person:1207,Michal Bartek,https://www.nrsr.sk/web/dynamic/PoslanecPhoto.aspx?PoslanecID=1207&ImageWidth=140,,Klub HLAS - sociálna demokracia,,0.998664,99.9,4486,4492
nrsr:person:233,Jaroslav Baška,https://www.nrsr.sk/web/dynamic/PoslanecPhoto.aspx?PoslanecID=233&ImageWidth=140,,Klub SMER - sociálna demokracia,,0.998621,99.9,4346,4352
nrsr:person:1187,Branislav Becík,https://www.nrsr.sk/web/dynamic/PoslanecPhoto.aspx?PoslanecID=1187&ImageWidth=140,,Klub HLAS - sociálna demokracia,,0.998673,99.9,4514,4520
nrsr:person:1119,Irena Bihariová,https://www.nrsr.sk/web/dynamic/PoslanecPhoto.aspx?PoslanecID=1119&ImageWidth=140,,Klub Progresívne Slovensko,,0.575806,57.6,2142,3720
nrsr:person:976,Jana Cigániková,https://www.nrsr.sk/web/dynamic/PoslanecPhoto.aspx?PoslanecID=976&ImageWidth=140,,Nezávislí,,0.513182,51.3,1421,2769
nrsr:person:997,Ján Blcháč,https://www.nrsr.sk/web/dynamic/PoslanecPhoto.aspx?PoslanecID=997&ImageWidth=140,,Klub HLAS - sociálna demokracia,,0.998374,99.8,4297,4304
nrsr:person:1144,Lukáš Bužo,https://www.nrsr.sk/web/dynamic/PoslanecPhoto.aspx?PoslanecID=1144&ImageWidth=140,,Klub SLOVENSKO - ZA ĽUDÍ,,0.472691,47.3,1878,3973
nrsr:person:1195,Jozef Cech,https://www.nrsr.sk/web/dynamic/PoslanecPhoto.aspx?PoslanecID=1195&ImageWidth=140,,Klub HLAS - sociálna demokracia,,0.998225,99.8,4500,4508
nrsr:person:1179,Marián Čaučík,https://www.nrsr.sk/web/dynamic/PoslanecPhoto.aspx?PoslanecID=1179&ImageWidth=140,,Klub KDH,,0.592274,59.2,2269,3831
nrsr:person:1160,Marcela Čavojová,https://www.nrsr.sk/web/dynamic/PoslanecPhoto.aspx?PoslanecID=1160&ImageWidth=140,,Klub SMER - sociálna demokracia,,0.998428,99.8,4446,4453
nrsr:person:1203,Miroslav Čellár,https://www.nrsr.sk/web/dynamic/PoslanecPhoto.aspx?PoslanecID=1203&ImageWidth=140,,Klub HLAS - sociálna demokracia,,0.997105,99.7,4477,4490
nrsr:person:929,Andrej Danko,https://www.nrsr.sk/web/dynamic/PoslanecPhoto.aspx?PoslanecID=929&ImageWidth=140,,Klub Slovenská národná strana,,0.995062,99.5,4433,4455
nrsr:person:1140,Dávid Dej,https://www.nrsr.sk/web/dynamic/PoslanecPhoto.aspx?PoslanecID=1140&ImageWidth=140,,Klub Progresívne Slovensko,,0.579435,57.9,2440,4211
nrsr:person:1216,Dávid Demečko,https://www.nrsr.sk/web/dynamic/PoslanecPhoto.aspx?PoslanecID=1216&ImageWidth=140,,Klub HLAS - sociálna demokracia,,0.998641,99.9,3673,3678
nrsr:person:779,Ondrej Dostál,https://www.nrsr.sk/web/dynamic/PoslanecPhoto.aspx?PoslanecID=779&ImageWidth=140,,Klub Sloboda a Solidarita,,0.462246,46.2,1910,4132
nrsr:person:1133,Martin Dubéci,https://www.nrsr.sk/web/dynamic/PoslanecPhoto.aspx?PoslanecID=1133&ImageWidth=140,,Klub Progresívne Slovensko,,0.576586,57.7,2236,3878
nrsr:person:1213,Richard Dubovický,https://www.nrsr.sk/web/dynamic/PoslanecPhoto.aspx?PoslanecID=1213&ImageWidth=140,,Klub Progresívne Slovensko,,0.580523,58.1,1997,3440
nrsr:person:1221,Igor Dušenka,https://www.nrsr.sk/web/dynamic/PoslanecPhoto.aspx?PoslanecID=1221&ImageWidth=140,,Klub SLOVENSKO - ZA ĽUDÍ,,0.457251,45.7,722,1579
nrsr:person:1123,Oskar Dvořák,https://www.nrsr.sk/web/dynamic/PoslanecPhoto.aspx?PoslanecID=1123&ImageWidth=140,,Klub Progresívne Slovensko,,0.584974,58.5,2258,3860
nrsr:person:1172,Richard Eliáš,https://www.nrsr.sk/web/dynamic/PoslanecPhoto.aspx?PoslanecID=1172&ImageWidth=140,,Klub HLAS - sociálna demokracia,,0.998225,99.8,4499,4507
nrsr:person:36,Vladimír Faič,https://www.nrsr.sk/web/dynamic/PoslanecPhoto.aspx?PoslanecID=36&ImageWidth=140,,Klub SMER - sociálna demokracia,,0.997952,99.8,4385,4394
nrsr:person:931,Karol Farkašovský,https://www.nrsr.sk/web/dynamic/PoslanecPhoto.aspx?PoslanecID=931&ImageWidth=140,,Klub Slovenská národná strana,,0.996004,99.6,4487,4505
nrsr:person:1008,Ján Ferenčák,https://www.nrsr.sk/web/dynamic/PoslanecPhoto.aspx?PoslanecID=1008&ImageWidth=140,,Nezávislí,,0.960334,96.0,3680,3832
nrsr:person:966,Karol Galek,https://www.nrsr.sk/web/dynamic/PoslanecPhoto.aspx?PoslanecID=966&ImageWidth=140,,Klub Sloboda a Solidarita,,0.487496,48.7,1384,2839
nrsr:person:656,Dušan Galis,https://www.nrsr.sk/web/dynamic/PoslanecPhoto.aspx?PoslanecID=656&ImageWidth=140,,Klub SMER - sociálna demokracia,,0.997992,99.8,4473,4482
nrsr:person:785,Ľubomír Galko,https://www.nrsr.sk/web/dynamic/PoslanecPhoto.aspx?PoslanecID=785&ImageWidth=140,,Nezávislí,,0.495032,49.5,1943,3925
nrsr:person:1154,Tibor Gašpar,https://www.nrsr.sk/web/dynamic/PoslanecPhoto.aspx?PoslanecID=1154&ImageWidth=140,,Klub SMER - sociálna demokracia,,0.999553,100.0,4473,4475
nrsr:person:892,Štefan Gašparovič,https://www.nrsr.sk/web/dynamic/PoslanecPhoto.aspx?PoslanecID=892&ImageWidth=140,,Klub HLAS - sociálna demokracia,,0.998675,99.9,4524,4530
nrsr:person:1126,Tina Gažovičová,https://www.nrsr.sk/web/dynamic/PoslanecPhoto.aspx?PoslanecID=1126&ImageWidth=140,,Klub Progresívne Slovensko,,0.578159,57.8,2393,4139
nrsr:person:1214,Richard Glück,https://www.nrsr.sk/web/dynamic/PoslanecPhoto.aspx?PoslanecID=1214&ImageWidth=140,,Klub SMER - sociálna demokracia,,0.998818,99.9,4225,4230
nrsr:person:738,Pavol Goga,https://www.nrsr.sk/web/dynamic/PoslanecPhoto.aspx?PoslanecID=738&ImageWidth=140,,Klub SMER - sociálna demokracia,,0.999778,100.0,4501,4502
nrsr:person:1222,Gréta Gregorová,https://www.nrsr.sk/web/dynamic/PoslanecPhoto.aspx?PoslanecID=1222&ImageWidth=140,,Klub Progresívne Slovensko,,0.522312,52.2,714,1367
nrsr:person:910,Gábor Grendel,https://www.nrsr.sk/web/dynamic/PoslanecPhoto.aspx?PoslanecID=910&ImageWidth=140,,Klub SLOVENSKO - ZA ĽUDÍ,,0.450783,45.1,1699,3769
nrsr:person:971,Branislav Gröhling,https://www.nrsr.sk/web/dynamic/PoslanecPhoto.aspx?PoslanecID=971&ImageWidth=140,,Klub Sloboda a Solidarita,,0.510187,51.0,1803,3534
nrsr:person:1009,Jozef Habánik,https://www.nrsr.sk/web/dynamic/PoslanecPhoto.aspx?PoslanecID=1009&ImageWidth=140,,Klub SMER - sociálna demokracia,,0.999109,99.9,4483,4487
nrsr:person:874,Augustín Hambálek,https://www.nrsr.sk/web/dynamic/PoslanecPhoto.aspx?PoslanecID=874&ImageWidth=140,,Klub SMER - sociálna demokracia,,0.999558,100.0,4519,4521
nrsr:person:1129,Jana Hanuliaková,https://www.nrsr.sk/web/dynamic/PoslanecPhoto.aspx?PoslanecID=1129&ImageWidth=140,,Klub Progresívne Slovensko,,0.57991,58.0,2061,3554
nrsr:person:1142,Ján Hargaš,https://www.nrsr.sk/web/dynamic/PoslanecPhoto.aspx?PoslanecID=1142&ImageWidth=140,,Klub Progresívne Slovensko,,0.576913,57.7,2194,3803
nrsr:person:1192,Ivan Hazucha,https://www.nrsr.sk/web/dynamic/PoslanecPhoto.aspx?PoslanecID=1192&ImageWidth=140,,Klub SMER - sociálna demokracia,,0.999106,99.9,4468,4472
nrsr:person:859,Alojz Hlina,https://www.nrsr.sk/web/dynamic/PoslanecPhoto.aspx?PoslanecID=859&ImageWidth=140,,Klub Sloboda a Solidarita,,0.533705,53.4,1821,3412
nrsr:person:1183,Ján Horecký,https://www.nrsr.sk/web/dynamic/PoslanecPhoto.aspx?PoslanecID=1183&ImageWidth=140,,Klub KDH,,0.581595,58.2,2035,3499
nrsr:person:1219,Ján Horváth,https://www.nrsr.sk/web/dynamic/PoslanecPhoto.aspx?PoslanecID=1219&ImageWidth=140,,Klub SMER - sociálna demokracia,,0.999055,99.9,3170,3173
nrsr:person:1202,Ján Hrubý,https://www.nrsr.sk/web/dynamic/PoslanecPhoto.aspx?PoslanecID=1202&ImageWidth=140,,Klub HLAS - sociálna demokracia,,0.998293,99.8,2339,2343
nrsr:person:1188,Július Jakab,https://www.nrsr.sk/web/dynamic/PoslanecPhoto.aspx?PoslanecID=1188&ImageWidth=140,,Klub SLOVENSKO - ZA ĽUDÍ,,0.46477,46.5,1748,3761
nrsr:person:1169,Karol Janas,https://www.nrsr.sk/web/dynamic/PoslanecPhoto.aspx?PoslanecID=1169&ImageWidth=140,,Klub HLAS - sociálna demokracia,,0.998452,99.8,4516,4523
nrsr:person:961,Igor Janckulík,https://www.nrsr.sk/web/dynamic/PoslanecPhoto.aspx?PoslanecID=961&ImageWidth=140,,Klub KDH,,0.603358,60.3,2408,3991
nrsr:person:61,Dušan Jarjabek,https://www.nrsr.sk/web/dynamic/PoslanecPhoto.aspx?PoslanecID=61&ImageWidth=140,,Klub SMER - sociálna demokracia,,0.998871,99.9,4422,4427
nrsr:person:1121,Zora Jaurová,https://www.nrsr.sk/web/dynamic/PoslanecPhoto.aspx?PoslanecID=1121&ImageWidth=140,,Klub Progresívne Slovensko,,0.573951,57.4,1723,3002
nrsr:person:891,Jozef Ježík,https://www.nrsr.sk/web/dynamic/PoslanecPhoto.aspx?PoslanecID=891&ImageWidth=140,,Klub SMER - sociálna demokracia,,0.998671,99.9,4510,4516
nrsr:person:1128,Beáta Jurík,https://www.nrsr.sk/web/dynamic/PoslanecPhoto.aspx?PoslanecID=1128&ImageWidth=140,,Klub Progresívne Slovensko,,0.575474,57.5,2276,3955
nrsr:person:1218,Jozef Kačmár,https://www.nrsr.sk/web/dynamic/PoslanecPhoto.aspx?PoslanecID=1218&ImageWidth=140,,Klub SMER - sociálna demokracia,,0.999682,100.0,3140,3141
nrsr:person:1170,Peter Kalivoda,https://www.nrsr.sk/web/dynamic/PoslanecPhoto.aspx?PoslanecID=1170&ImageWidth=140,,Klub HLAS - sociálna demokracia,,0.998643,99.9,4414,4420
nrsr:person:1205,Michal Kapuš,https://www.nrsr.sk/web/dynamic/PoslanecPhoto.aspx?PoslanecID=1205&ImageWidth=140,,Klub SMER - sociálna demokracia,,0.999778,100.0,4497,4498
nrsr:person:1158,Daniel Karas,https://www.nrsr.sk/web/dynamic/PoslanecPhoto.aspx?PoslanecID=1158&ImageWidth=140,,Klub SMER - sociálna demokracia,,1.0,100.0,4519,4519
nrsr:person:873,Marián Kéry,https://www.nrsr.sk/web/dynamic/PoslanecPhoto.aspx?PoslanecID=873&ImageWidth=140,,Klub SMER - sociálna demokracia,,0.997998,99.8,4487,4496
nrsr:person:1125,Štefan Kišš,https://www.nrsr.sk/web/dynamic/PoslanecPhoto.aspx?PoslanecID=1125&ImageWidth=140,,Klub Progresívne Slovensko,,0.583333,58.3,1869,3204
nrsr:person:1139,Dana Kleinert,https://www.nrsr.sk/web/dynamic/PoslanecPhoto.aspx?PoslanecID=1139&ImageWidth=140,,Klub Progresívne Slovensko,,0.581659,58.2,2055,3533
nrsr:person:1224,Monika Kolejáková,https://www.nrsr.sk/web/dynamic/PoslanecPhoto.aspx?PoslanecID=1224&ImageWidth=140,,Klub KDH,,0.559763,56.0,473,845
nrsr:person:1025,Mária Kolíková,https://www.nrsr.sk/web/dynamic/PoslanecPhoto.aspx?PoslanecID=1025&ImageWidth=140,,Klub Sloboda a Solidarita,,0.468897,46.9,1794,3826
nrsr:person:1124,Ingrid Kosová,https://www.nrsr.sk/web/dynamic/PoslanecPhoto.aspx?PoslanecID=1124&ImageWidth=140,,Klub Progresívne Slovensko,,0.586269,58.6,2297,3918
nrsr:person:1151,Peter Kotlár,https://www.nrsr.sk/web/dynamic/PoslanecPhoto.aspx?PoslanecID=1151&ImageWidth=140,,Klub Slovenská národná strana,,0.99596,99.6,4437,4455
nrsr:person:1227,Milan Kováč,https://www.nrsr.sk/web/dynamic/PoslanecPhoto.aspx?PoslanecID=1227&ImageWidth=140,,Klub Slovenská národná strana,,0.989899,99.0,196,198
nrsr:person:907,Marek Krajčí,https://www.nrsr.sk/web/dynamic/PoslanecPhoto.aspx?PoslanecID=907&ImageWidth=140,,Klub SLOVENSKO - ZA ĽUDÍ,,0.484375,48.4,1612,3328
nrsr:person:1210,Dagmar Kramplová,https://www.nrsr.sk/web/dynamic/PoslanecPhoto.aspx?PoslanecID=1210&ImageWidth=140,,Klub Slovenská národná strana,,0.996682,99.7,4506,4521
nrsr:person:1190,Rastislav Krátky,https://www.nrsr.sk/web/dynamic/PoslanecPhoto.aspx?PoslanecID=1190&ImageWidth=140,,Klub KDH,,0.576621,57.7,1761,3054
nrsr:person:1032,Juraj Krúpa,https://www.nrsr.sk/web/dynamic/PoslanecPhoto.aspx?PoslanecID=1032&ImageWidth=140,,Klub Sloboda a Solidarita,,0.53463,53.5,2061,3855
nrsr:person:668,Stanislav Kubánek,https://www.nrsr.sk/web/dynamic/PoslanecPhoto.aspx?PoslanecID=668&ImageWidth=140,,Klub SMER - sociálna demokracia,,0.997782,99.8,4498,4508
nrsr:person:671,Ján Kvorka,https://www.nrsr.sk/web/dynamic/PoslanecPhoto.aspx?PoslanecID=671&ImageWidth=140,,Klub SMER - sociálna demokracia,,0.999112,99.9,4499,4503
nrsr:person:1189,Marek Lackovič,https://www.nrsr.sk/web/dynamic/PoslanecPhoto.aspx?PoslanecID=1189&ImageWidth=140,,Klub Progresívne Slovensko,,0.580464,58.0,2377,4095
nrsr:person:1081,Ľubica Laššáková,https://www.nrsr.sk/web/dynamic/PoslanecPhoto.aspx?PoslanecID=1081&ImageWidth=140,,Klub HLAS - sociálna demokracia,,0.998883,99.9,4470,4475
nrsr:person:1037,Vladimír Ledecký,https://www.nrsr.sk/web/dynamic/PoslanecPhoto.aspx?PoslanecID=1037&ImageWidth=140,,Klub Sloboda a Solidarita,,0.510074,51.0,2000,3921
nrsr:person:1200,Boleslav Lešo,https://www.nrsr.sk/web/dynamic/PoslanecPhoto.aspx?PoslanecID=1200&ImageWidth=140,,Klub SMER - sociálna demokracia,,0.999779,100.0,4523,4524
nrsr:person:1199,Adam Lučanský,https://www.nrsr.sk/web/dynamic/PoslanecPhoto.aspx?PoslanecID=1199&ImageWidth=140,,Klub Slovenská národná strana,,0.99556,99.6,4485,4505
nrsr:person:733,Michal Lukša,https://www.nrsr.sk/web/dynamic/PoslanecPhoto.aspx?PoslanecID=733&ImageWidth=140,,Klub SMER - sociálna demokracia,,0.999778,100.0,4512,4513
nrsr:person:1134,Darina Luščíková,https://www.nrsr.sk/web/dynamic/PoslanecPhoto.aspx?PoslanecID=1134&ImageWidth=140,,Klub Progresívne Slovensko,,0.581954,58.2,2180,3746
nrsr:person:1152,Pavel Ľupták,https://www.nrsr.sk/web/dynamic/PoslanecPhoto.aspx?PoslanecID=1152&ImageWidth=140,,Nezávislí,,0.997312,99.7,4081,4092
nrsr:person:1223,Vladimír Macášek,https://www.nrsr.sk/web/dynamic/PoslanecPhoto.aspx?PoslanecID=1223&ImageWidth=140,,Klub SMER - sociálna demokracia,,1.0,100.0,1106,1106
nrsr:person:1211,Zdenka Mačicová,https://www.nrsr.sk/web/dynamic/PoslanecPhoto.aspx?PoslanecID=1211&ImageWidth=140,,Klub HLAS - sociálna demokracia,,0.998648,99.9,4433,4439
nrsr:person:1184,František Majerský,https://www.nrsr.sk/web/dynamic/PoslanecPhoto.aspx?PoslanecID=1184&ImageWidth=140,,Klub KDH,,0.623515,62.4,1994,3198
nrsr:person:1178,Milan Majerský,https://www.nrsr.sk/web/dynamic/PoslanecPhoto.aspx?PoslanecID=1178&ImageWidth=140,,Klub KDH,,0.602351,60.2,2101,3488
nrsr:person:1173,Roman Malatinec,https://www.nrsr.sk/web/dynamic/PoslanecPhoto.aspx?PoslanecID=1173&ImageWidth=140,,Nezávislí,,0.996886,99.7,4482,4496
nrsr:person:1042,Vladimíra Marcinková,https://www.nrsr.sk/web/dynamic/PoslanecPhoto.aspx?PoslanecID=1042&ImageWidth=140,,Klub Sloboda a Solidarita,,0.469523,47.0,1556,3314
nrsr:person:1159,Zuzana Matejičková,https://www.nrsr.sk/web/dynamic/PoslanecPhoto.aspx?PoslanecID=1159&ImageWidth=140,,Klub SMER - sociálna demokracia,,0.997792,99.8,4519,4529
nrsr:person:808,Igor Matovič,https://www.nrsr.sk/web/dynamic/PoslanecPhoto.aspx?PoslanecID=808&ImageWidth=140,,Klub SLOVENSKO - ZA ĽUDÍ,,0.47238,47.2,1411,2987
nrsr:person:1156,Ján Mažgút,https://www.nrsr.sk/web/dynamic/PoslanecPhoto.aspx?PoslanecID=1156&ImageWidth=140,,Klub SMER - sociálna demokracia,,0.998893,99.9,4511,4516
nrsr:person:1204,Jaroslav Mego,https://www.nrsr.sk/web/dynamic/PoslanecPhoto.aspx?PoslanecID=1204&ImageWidth=140,,Klub SMER - sociálna demokracia,,0.999554,100.0,4487,4489
nrsr:person:1130,Zuzana Mesterová,https://www.nrsr.sk/web/dynamic/PoslanecPhoto.aspx?PoslanecID=1130&ImageWidth=140,,Klub Progresívne Slovensko,,0.582327,58.2,2412,4142
nrsr:person:1149,Roman Michelko,https://www.nrsr.sk/web/dynamic/PoslanecPhoto.aspx?PoslanecID=1149&ImageWidth=140,,Klub Slovenská národná strana,,0.993335,99.3,4471,4501
nrsr:person:92,František Mikloško,https://www.nrsr.sk/web/dynamic/PoslanecPhoto.aspx?PoslanecID=92&ImageWidth=140,,Klub KDH,,0.592471,59.2,1810,3055
nrsr:person:1046,Roman Mikulec,https://www.nrsr.sk/web/dynamic/PoslanecPhoto.aspx?PoslanecID=1046&ImageWidth=140,,Klub SLOVENSKO - ZA ĽUDÍ,,0.474208,47.4,1572,3315
nrsr:person:322,Dušan Muňko,https://www.nrsr.sk/web/dynamic/PoslanecPhoto.aspx?PoslanecID=322&ImageWidth=140,,Klub Slovenská národná strana,,0.996995,99.7,4313,4326
nrsr:person:899,Peter Náhlik,https://www.nrsr.sk/web/dynamic/PoslanecPhoto.aspx?PoslanecID=899&ImageWidth=140,,Klub HLAS - sociálna demokracia,,0.998886,99.9,4485,4490
nrsr:person:1212,Natália Nash,https://www.nrsr.sk/web/dynamic/PoslanecPhoto.aspx?PoslanecID=1212&ImageWidth=140,,Klub Progresívne Slovensko,,0.574803,57.5,2336,4064
nrsr:person:1196,Alena Nováková,https://www.nrsr.sk/web/dynamic/PoslanecPhoto.aspx?PoslanecID=1196&ImageWidth=140,,Klub HLAS - sociálna demokracia,,0.998672,99.9,4512,4518
nrsr:person:1225,Gabriel Paľa,https://www.nrsr.sk/web/dynamic/PoslanecPhoto.aspx?PoslanecID=1225&ImageWidth=140,,Klub KDH,,0.6098,61.0,336,551
nrsr:person:962,Simona Petrík,https://www.nrsr.sk/web/dynamic/PoslanecPhoto.aspx?PoslanecID=962&ImageWidth=140,,Klub Progresívne Slovensko,,0.571599,57.2,1912,3345
nrsr:person:900,František Petro,https://www.nrsr.sk/web/dynamic/PoslanecPhoto.aspx?PoslanecID=900&ImageWidth=140,,Klub SMER - sociálna demokracia,,0.999779,100.0,4528,4529
nrsr:person:1116,Lucia Plaváková,https://www.nrsr.sk/web/dynamic/PoslanecPhoto.aspx?PoslanecID=1116&ImageWidth=140,,Klub Progresívne Slovensko,,0.566185,56.6,1882,3324
nrsr:person:1194,Zuzana Plevíková,https://www.nrsr.sk/web/dynamic/PoslanecPhoto.aspx?PoslanecID=1194&ImageWidth=140,,Klub SMER - sociálna demokracia,,0.999779,100.0,4528,4529
nrsr:person:685,Ján Podmanický,https://www.nrsr.sk/web/dynamic/PoslanecPhoto.aspx?PoslanecID=685&ImageWidth=140,,Klub SMER - sociálna demokracia,,0.996424,99.6,4458,4474
nrsr:person:1088,Peter Pollák,https://www.nrsr.sk/web/dynamic/PoslanecPhoto.aspx?PoslanecID=1088&ImageWidth=140,,Klub SLOVENSKO - ZA ĽUDÍ,,0.493276,49.3,1834,3718
nrsr:person:1054,Jozef Pročko,https://www.nrsr.sk/web/dynamic/PoslanecPhoto.aspx?PoslanecID=1054&ImageWidth=140,,Klub SLOVENSKO - ZA ĽUDÍ,,0.426705,42.7,1470,3445
nrsr:person:1131,Ondrej Prostredník,https://www.nrsr.sk/web/dynamic/PoslanecPhoto.aspx?PoslanecID=1131&ImageWidth=140,,Klub Progresívne Slovensko,,0.576332,57.6,2401,4166
nrsr:person:879,Róbert Puci,https://www.nrsr.sk/web/dynamic/PoslanecPhoto.aspx?PoslanecID=879&ImageWidth=140,,Klub HLAS - sociálna demokracia,,0.998666,99.9,4491,4497
nrsr:person:1208,Paula Puškárová,https://www.nrsr.sk/web/dynamic/PoslanecPhoto.aspx?PoslanecID=1208&ImageWidth=140,,Klub HLAS - sociálna demokracia,,0.998201,99.8,4440,4448
nrsr:person:761,Richard Raši,https://www.nrsr.sk/web/dynamic/PoslanecPhoto.aspx?PoslanecID=761&ImageWidth=140,,Klub HLAS - sociálna demokracia,,0.996602,99.7,2346,2354
nrsr:person:905,Veronika Remišová,https://www.nrsr.sk/web/dynamic/PoslanecPhoto.aspx?PoslanecID=905&ImageWidth=140,,Klub SLOVENSKO - ZA ĽUDÍ,,0.450658,45.1,1370,3040
nrsr:person:689,Ján Richter,https://www.nrsr.sk/web/dynamic/PoslanecPhoto.aspx?PoslanecID=689&ImageWidth=140,,Klub SMER - sociálna demokracia,,0.998657,99.9,4463,4469
nrsr:person:1120,Michal Sabo,https://www.nrsr.sk/web/dynamic/PoslanecPhoto.aspx?PoslanecID=1120&ImageWidth=140,,Klub Progresívne Slovensko,,0.572739,57.3,2311,4035
nrsr:person:762,Marián Saloň,https://www.nrsr.sk/web/dynamic/PoslanecPhoto.aspx?PoslanecID=762&ImageWidth=140,,Klub SMER - sociálna demokracia,,1.0,100.0,4459,4459
nrsr:person:1163,Justín Sedlák,https://www.nrsr.sk/web/dynamic/PoslanecPhoto.aspx?PoslanecID=1163&ImageWidth=140,,Klub SMER - sociálna demokracia,,0.999336,99.9,4512,4515
nrsr:person:1191,Andrej Sitkár,https://www.nrsr.sk/web/dynamic/PoslanecPhoto.aspx?PoslanecID=1191&ImageWidth=140,,Klub SMER - sociálna demokracia,,0.999558,100.0,4522,4524
nrsr:person:1197,Peter Slyško,https://www.nrsr.sk/web/dynamic/PoslanecPhoto.aspx?PoslanecID=1197&ImageWidth=140,,Nezávislí,,0.998055,99.8,3592,3599
nrsr:person:1206,Peter Sokol,https://www.nrsr.sk/web/dynamic/PoslanecPhoto.aspx?PoslanecID=1206&ImageWidth=140,,Klub SMER - sociálna demokracia,,0.999748,100.0,3966,3967
nrsr:person:1117,Jaroslav Spišiak,https://www.nrsr.sk/web/dynamic/PoslanecPhoto.aspx?PoslanecID=1117&ImageWidth=140,,Klub Progresívne Slovensko,,0.572299,57.2,2161,3776
nrsr:person:1182,Peter Stachura,https://www.nrsr.sk/web/dynamic/PoslanecPhoto.aspx?PoslanecID=1182&ImageWidth=140,,Klub KDH,,0.609009,60.9,2028,3330
nrsr:person:1118,Tamara Stohlová,https://www.nrsr.sk/web/dynamic/PoslanecPhoto.aspx?PoslanecID=1118&ImageWidth=140,,Klub Progresívne Slovensko,,0.576271,57.6,2278,3953
nrsr:person:1058,Anton Stredák,https://www.nrsr.sk/web/dynamic/PoslanecPhoto.aspx?PoslanecID=1058&ImageWidth=140,,Klub SMER - sociálna demokracia,,0.999116,99.9,4520,4524
nrsr:person:1161,Michal Stuška,https://www.nrsr.sk/web/dynamic/PoslanecPhoto.aspx?PoslanecID=1161&ImageWidth=140,,Klub SMER - sociálna demokracia,,0.999556,100.0,4499,4501
nrsr:person:1087,Zdenko Svoboda,https://www.nrsr.sk/web/dynamic/PoslanecPhoto.aspx?PoslanecID=1087&ImageWidth=140,,Klub HLAS - sociálna demokracia,,0.997787,99.8,4508,4518
nrsr:person:1217,Andrea Szabóová,https://www.nrsr.sk/web/dynamic/PoslanecPhoto.aspx?PoslanecID=1217&ImageWidth=140,,Klub HLAS - sociálna demokracia,,0.998918,99.9,3693,3697
nrsr:person:1147,Tomáš Szalay,https://www.nrsr.sk/web/dynamic/PoslanecPhoto.aspx?PoslanecID=1147&ImageWidth=140,,Klub Sloboda a Solidarita,,0.479077,47.9,1889,3943
nrsr:person:1150,Ivan Ševčík,https://www.nrsr.sk/web/dynamic/PoslanecPhoto.aspx?PoslanecID=1150&ImageWidth=140,,Nezávislí,,0.998564,99.9,4171,4177
nrsr:person:1114,Michal Šimečka,https://www.nrsr.sk/web/dynamic/PoslanecPhoto.aspx?PoslanecID=1114&ImageWidth=140,,Klub Progresívne Slovensko,,0.589946,59.0,2089,3541
nrsr:person:1177,Igor Šimko,https://www.nrsr.sk/web/dynamic/PoslanecPhoto.aspx?PoslanecID=1177&ImageWidth=140,,Klub HLAS - sociálna demokracia,,0.999094,99.9,4411,4415
nrsr:person:1065,Michal Šipoš,https://www.nrsr.sk/web/dynamic/PoslanecPhoto.aspx?PoslanecID=1065&ImageWidth=140,,Klub SLOVENSKO - ZA ĽUDÍ,,0.442399,44.2,1682,3802
nrsr:person:1146,Anežka Škopová,https://www.nrsr.sk/web/dynamic/PoslanecPhoto.aspx?PoslanecID=1146&ImageWidth=140,,Klub SLOVENSKO - ZA ĽUDÍ,,0.486776,48.7,1951,4008
nrsr:person:862,Branislav Škripek,https://www.nrsr.sk/web/dynamic/PoslanecPhoto.aspx?PoslanecID=862&ImageWidth=140,,Klub KDH,,0.613813,61.4,1893,3084
nrsr:person:1143,Veronika Šrobová,https://www.nrsr.sk/web/dynamic/PoslanecPhoto.aspx?PoslanecID=1143&ImageWidth=140,,Klub Progresívne Slovensko,,0.587158,58.7,2341,3987
nrsr:person:1127,Ivan Štefunko,https://www.nrsr.sk/web/dynamic/PoslanecPhoto.aspx?PoslanecID=1127&ImageWidth=140,,Klub Progresívne Slovensko,,0.590069,59.0,2139,3625
nrsr:person:1132,Zuzana Števulová,https://www.nrsr.sk/web/dynamic/PoslanecPhoto.aspx?PoslanecID=1132&ImageWidth=140,,Klub Progresívne Slovensko,,0.564088,56.4,2042,3620
nrsr:person:769,Peter Šuca,https://www.nrsr.sk/web/dynamic/PoslanecPhoto.aspx?PoslanecID=769&ImageWidth=140,,Klub SMER - sociálna demokracia,,0.999336,99.9,4518,4521
nrsr:person:1145,Viliam Tankó,https://www.nrsr.sk/web/dynamic/PoslanecPhoto.aspx?PoslanecID=1145&ImageWidth=140,,Klub Progresívne Slovensko,,0.497443,49.7,1848,3715
nrsr:person:1072,Tomáš Taraba,https://www.nrsr.sk/web/dynamic/PoslanecPhoto.aspx?PoslanecID=1072&ImageWidth=140,,Nezávislí,,,,0,0
nrsr:person:930,Dušan Tittel,https://www.nrsr.sk/web/dynamic/PoslanecPhoto.aspx?PoslanecID=930&ImageWidth=140,,Klub HLAS - sociálna demokracia,,0.998449,99.8,4507,4514
nrsr:person:1115,Michal Truban,https://www.nrsr.sk/web/dynamic/PoslanecPhoto.aspx?PoslanecID=1115&ImageWidth=140,,Klub Progresívne Slovensko,,0.585053,58.5,2098,3586
nrsr:person:1186,Andrea Turčanová,https://www.nrsr.sk/web/dynamic/PoslanecPhoto.aspx?PoslanecID=1186&ImageWidth=140,,Klub KDH,,0.605101,60.5,1969,3254
nrsr:person:1075,Tomáš Valášek,https://www.nrsr.sk/web/dynamic/PoslanecPhoto.aspx?PoslanecID=1075&ImageWidth=140,,Klub Progresívne Slovensko,,0.602093,60.2,2014,3345
nrsr:person:1193,Igor Válek,https://www.nrsr.sk/web/dynamic/PoslanecPhoto.aspx?PoslanecID=1193&ImageWidth=140,,Klub SMER - sociálna demokracia,,0.999779,100.0,4525,4526
nrsr:person:705,Jozef Valocký,https://www.nrsr.sk/web/dynamic/PoslanecPhoto.aspx?PoslanecID=705&ImageWidth=140,,Klub SMER - sociálna demokracia,,0.999112,99.9,4503,4507
nrsr:person:1135,Branislav Vančo,https://www.nrsr.sk/web/dynamic/PoslanecPhoto.aspx?PoslanecID=1135&ImageWidth=140,,Klub Progresívne Slovensko,,0.573917,57.4,2240,3903
nrsr:person:861,Richard Vašečka,https://www.nrsr.sk/web/dynamic/PoslanecPhoto.aspx?PoslanecID=861&ImageWidth=140,,Nezávislí,,0.509383,50.9,1900,3730
nrsr:person:293,Ľubomír Vážny,https://www.nrsr.sk/web/dynamic/PoslanecPhoto.aspx?PoslanecID=293&ImageWidth=140,,Klub SMER - sociálna demokracia,,0.996388,99.6,4414,4430
nrsr:person:1141,Veronika Veslárová,https://www.nrsr.sk/web/dynamic/PoslanecPhoto.aspx?PoslanecID=1141&ImageWidth=140,,Klub Progresívne Slovensko,,0.579069,57.9,2263,3908
nrsr:person:991,Marián Viskupič,https://www.nrsr.sk/web/dynamic/PoslanecPhoto.aspx?PoslanecID=991&ImageWidth=140,,Klub Sloboda a Solidarita,,0.509978,51.0,2070,4059
nrsr:person:1176,Erik Vlček,https://www.nrsr.sk/web/dynamic/PoslanecPhoto.aspx?PoslanecID=1176&ImageWidth=140,,Klub HLAS - sociálna demokracia,,0.997757,99.8,4448,4458
nrsr:person:1019,Viliam Zahorčák,https://www.nrsr.sk/web/dynamic/PoslanecPhoto.aspx?PoslanecID=1019&ImageWidth=140,,Klub SMER - sociálna demokracia,,0.999779,100.0,4517,4518
nrsr:person:691,Peter Žiga,https://www.nrsr.sk/web/dynamic/PoslanecPhoto.aspx?PoslanecID=691&ImageWidth=140,,Klub HLAS - sociálna demokracia,,0.998861,99.9,4383,4388
nrsr:person:1198,Milan Garaj,https://www.nrsr.sk/web/dynamic/PoslanecPhoto.aspx?PoslanecID=1198&ImageWidth=140,,Klub Slovenská národná strana,,0.996369,99.6,4391,4407
nrsr:person:1220,Miroslav Radačovský,https://www.nrsr.sk/web/dynamic/PoslanecPhoto.aspx?PoslanecID=1220&ImageWidth=140,,,,0.967788,96.8,2013,2080
nrsr:person:1023,Peter Kmec,https://www.nrsr.sk/web/dynamic/PoslanecPhoto.aspx?PoslanecID=1023&ImageWidth=140,,Klub HLAS - sociálna demokracia,,1.0,100.0,912,912
nrsr:person:1181,Jozef Hajko,https://www.nrsr.sk/web/dynamic/PoslanecPhoto.aspx?PoslanecID=1181&ImageWidth=140,,Klub KDH,,0.597469,59.7,1747,2924
nrsr:person:1185,Martin Šmilňák,https://www.nrsr.sk/web/dynamic/PoslanecPhoto.aspx?PoslanecID=1185&ImageWidth=140,,Klub KDH,,0.622199,62.2,1749,2811
nrsr:person:732,Jana Vaľová,https://www.nrsr.sk/web/dynamic/PoslanecPhoto.aspx?PoslanecID=732&ImageWidth=140,,Klub SMER - sociálna demokracia,,0.994963,99.5,2963,2978
nrsr:person:1137,Viera Kalmárová,https://www.nrsr.sk/web/dynamic/PoslanecPhoto.aspx?PoslanecID=1137&ImageWidth=140,,Klub Progresívne Slovensko,,0.609063,60.9,1586,2604
nrsr:person:147,Anna Záborská,https://www.nrsr.sk/web/dynamic/PoslanecPhoto.aspx?PoslanecID=147&ImageWidth=140,,Klub SLOVENSKO - ZA ĽUDÍ,,0.568566,56.9,908,1597
nrsr:person:1175,Radomír Šalitroš,https://www.nrsr.sk/web/dynamic/PoslanecPhoto.aspx?PoslanecID=1175&ImageWidth=140,,Klub HLAS - sociálna demokracia,,0.993885,99.4,2113,2126
nrsr:person:1201,Samuel Migaľ,https://www.nrsr.sk/web/dynamic/PoslanecPhoto.aspx?PoslanecID=1201&ImageWidth=140,,Klub HLAS - sociálna demokracia,,0.995327,99.5,2130,2140
nrsr:person:1148,Rudolf Huliak,https://www.nrsr.sk/web/dynamic/PoslanecPhoto.aspx?PoslanecID=1148&ImageWidth=140,,Klub Slovenská národná strana,,0.999447,99.9,1807,1808
nrsr:person:1168,Zuzana Dolinková,https://www.nrsr.sk/web/dynamic/PoslanecPhoto.aspx?PoslanecID=1168&ImageWidth=140,,,,,,0,0
nrsr:person:767,Richard Sulík,https://www.nrsr.sk/web/dynamic/PoslanecPhoto.aspx?PoslanecID=767&ImageWidth=140,,Klub Sloboda a Solidarita,,0.597285,59.7,396,663
nrsr:person:885,Ľuboš Blaha,https://www.nrsr.sk/web/dynamic/PoslanecPhoto.aspx?PoslanecID=885&ImageWidth=140,,Klub SMER - sociálna demokracia,,0.99925,99.9,1332,1333
nrsr:person:238,Juraj Blanár,https://www.nrsr.sk/web/dynamic/PoslanecPhoto.aspx?PoslanecID=238&ImageWidth=140,,,,,,0,0
nrsr:person:1164,Tomáš Drucker,https://www.nrsr.sk/web/dynamic/PoslanecPhoto.aspx?PoslanecID=1164&ImageWidth=140,,,,,,0,0
nrsr:person:40,Robert Fico,https://www.nrsr.sk/web/dynamic/PoslanecPhoto.aspx?PoslanecID=40&ImageWidth=140,,,,,,0,0
nrsr:person:1155,Juraj Gedra,https://www.nrsr.sk/web/dynamic/PoslanecPhoto.aspx?PoslanecID=1155&ImageWidth=140,,,,,,0,0
nrsr:person:1136,Tomáš Hellebrandt,https://www.nrsr.sk/web/dynamic/PoslanecPhoto.aspx?PoslanecID=1136&ImageWidth=140,,Klub Progresívne Slovensko,,0.397436,39.7,31,78
nrsr:person:790,Igor Choma,https://www.nrsr.sk/web/dynamic/PoslanecPhoto.aspx?PoslanecID=790&ImageWidth=140,,,,,,0,0
nrsr:person:1153,Erik Kaliňák,https://www.nrsr.sk/web/dynamic/PoslanecPhoto.aspx?PoslanecID=1153&ImageWidth=140,,Klub SMER - sociálna demokracia,,0.998517,99.9,1347,1349
nrsr:person:1165,Michal Kaliňák,https://www.nrsr.sk/web/dynamic/PoslanecPhoto.aspx?PoslanecID=1165&ImageWidth=140,,,,,,0,0
nrsr:person:271,Robert Kaliňák,https://www.nrsr.sk/web/dynamic/PoslanecPhoto.aspx?PoslanecID=271&ImageWidth=140,,,,,,0,0
nrsr:person:880,Ladislav Kamenický,https://www.nrsr.sk/web/dynamic/PoslanecPhoto.aspx?PoslanecID=880&ImageWidth=140,,,,,,0,0
nrsr:person:1034,Filip Kuffa,https://www.nrsr.sk/web/dynamic/PoslanecPhoto.aspx?PoslanecID=1034&ImageWidth=140,,,,,,0,0
nrsr:person:858,Štefan Kuffa,https://www.nrsr.sk/web/dynamic/PoslanecPhoto.aspx?PoslanecID=858&ImageWidth=140,,,,,,0,0
nrsr:person:1166,Dr. Kurilovská,https://www.nrsr.sk/web/dynamic/PoslanecPhoto.aspx?PoslanecID=1166&ImageWidth=140,,,,,,0,0
nrsr:person:1157,Igor Melicher,https://www.nrsr.sk/web/dynamic/PoslanecPhoto.aspx?PoslanecID=1157&ImageWidth=140,,,,,,0,0
nrsr:person:1174,Michal Moško,https://www.nrsr.sk/web/dynamic/PoslanecPhoto.aspx?PoslanecID=1174&ImageWidth=140,,Klub HLAS - sociálna demokracia,,1.0,100.0,818,818
nrsr:person:974,Martin Nemky,https://www.nrsr.sk/web/dynamic/PoslanecPhoto.aspx?PoslanecID=974&ImageWidth=140,,Klub SMER - sociálna demokracia,,1.0,100.0,258,258
nrsr:person:1138,Martin Pekár,https://www.nrsr.sk/web/dynamic/PoslanecPhoto.aspx?PoslanecID=1138&ImageWidth=140,,Klub Progresívne Slovensko,,0.545455,54.5,6,11
nrsr:person:682,Peter Pellegrini,https://www.nrsr.sk/web/dynamic/PoslanecPhoto.aspx?PoslanecID=682&ImageWidth=140,,Klub HLAS - sociálna demokracia,,0.99875,99.9,799,800
nrsr:person:941,Denisa Saková,https://www.nrsr.sk/web/dynamic/PoslanecPhoto.aspx?PoslanecID=941&ImageWidth=140,,,,,,0,0
nrsr:person:1162,Jozef Smatana,https://www.nrsr.sk/web/dynamic/PoslanecPhoto.aspx?PoslanecID=1162&ImageWidth=140,,,,,,0,0
nrsr:person:877,Boris Susko,https://www.nrsr.sk/web/dynamic/PoslanecPhoto.aspx?PoslanecID=877&ImageWidth=140,,,,,,0,0
nrsr:person:1171,Kamil Šaško,https://www.nrsr.sk/web/dynamic/PoslanecPhoto.aspx?PoslanecID=1171&ImageWidth=140,,,,,,0,0
nrsr:person:918,Martina Šimkovičová,https://www.nrsr.sk/web/dynamic/PoslanecPhoto.aspx?PoslanecID=918&ImageWidth=140,,,,,,0,0
nrsr:person:1069,Matúš Eštok,https://www.nrsr.sk/web/dynamic/PoslanecPhoto.aspx?PoslanecID=1069&ImageWidth=140,,,,,,0,0
nrsr:person:1071,Richard Takáč,https://www.nrsr.sk/web/dynamic/PoslanecPhoto.aspx?PoslanecID=1071&ImageWidth=140,,,,,,0,0
nrsr:person:940,Erik Tomáš,https://www.nrsr.sk/web/dynamic/PoslanecPhoto.aspx?PoslanecID=940&ImageWidth=140,,,,,,0,0
